{
    "MSE": 0.001399005785407055,
    "SSIM": 0.7854153526353995,
    "PCC": 0.9915024638175964
}