{
    "MSE": 0.0014000415842654922,
    "SSIM": 0.7847900318764693,
    "PCC": 0.9914363026618958
}