{
    "MSE": 0.0014023964629612034,
    "SSIM": 0.7855148182579943,
    "PCC": 0.9914920330047607
}
