{
    "MSE": 0.0014820053105405163,
    "SSIM": 0.7802161029845307,
    "PCC": 0.9910082817077637
}