{
    "MSE": 0.001389245872223188,
    "SSIM": 0.7871429200323276,
    "PCC": 0.9915981888771057
}